findlay_butler@hr.yahoo.com,Fbutler-hr,Fbutler51641427,
cain_mosley@finance.yahoo.com,Cmosley-finance,Cmosley71348075,
donna_beltran@accounting.yahoo.com,Dbeltran-accounting,Dbeltran38358665,
sian_ramirez@sales.yahoo.com,Sramirez-sales,Sramirez12278945,
angelo_fulton@it.yahoo.com,Afulton-it,Afulton33143746,
daniyal_castro@ops.yahoo.com,Dcastro-ops,Dcastro19667402,
cayden_morrison@purchasing.yahoo.com,Cmorrison-purchasing,Cmorrison38037325,
amir_haney@randd.yahoo.com,Ahaney-randd,Ahaney86212647,
olive_fowler@production.yahoo.com,Ofowler-production,Ofowler81376208,
ernest_bauer@marketing.yahoo.com,Ebauer-marketing,Ebauer64633052,
isla_burnett@leadership.yahoo.com,Iburnett-leadership,Iburnett69275780,
albert_velazquez@sales.yahoo.com,Avelazquez-sales,Avelazquez05526677,
filip_donovan@it.yahoo.com,Fdonovan-it,Fdonovan98040807,
hamza_crawford@ops.yahoo.com,Hcrawford-ops,Hcrawford89858739,
astrid_obrien@purchasing.yahoo.com,Aobrien-purchasing,Aobrien24799763,
milan_odling@randd.yahoo.com,Modling-randd,Modling79600679,
ruairi_stevenson@production.yahoo.com,Rstevenson-production,Rstevenson75433975,
ria_bonner@marketing.yahoo.com,Rbonner-marketing,Rbonner52297908,
ela_hicks@leadership.yahoo.com,Ehicks-leadership,Ehicks58946962,
aron_bean@finance.yahoo.com,Abean-finance,Abean54074069,
woody_gardner@accounting.yahoo.com,Wgardner-accounting,Wgardner74765615,
clyde_stokes@sales.yahoo.com,Cstokes-sales,Cstokes77677763,
samantha_harrison@it.yahoo.com,Sharrison-it,Sharrison44614926,
gina_mason@finance.yahoo.com,Gmason-finance,Gmason48115299,
hollie_vance@accounting.yahoo.com,Hvance-accounting,Hvance21245164,
tillie_villa@sales.yahoo.com,Tvilla-sales,Tvilla75364324,
jacqueline_dean@it.yahoo.com,Jdean-it,Jdean31938043,
xavier_vaughn@finance.yahoo.com,Xvaughn-finance,Xvaughn10305276,
elif_pace@accounting.yahoo.com,Epace-accounting,Epace20938523,
thalia_duran@sales.yahoo.com,Tduran-sales,Tduran26713569,
lacey_fields@it.yahoo.com,Lfields-it,Lfields02538033,
abi_hamilton@accounting.yahoo.com,Ahamilton-accounting,Ahamilton37389739,
carys_ward@sales.yahoo.com,Cward-sales,Cward46804613,
philippa_velez@accounting.yahoo.com,Pvelez-accounting,Pvelez28408801,
annie_chen@sales.yahoo.com,Achen-sales,Achen81737709,
rhonda_sears@accounting.yahoo.com,Rsears-accounting,Rsears99930477,
casey_bullock@sales.yahoo.com,Cbullock-sales,Cbullock07968606,
lily-may_morgan@accounting.yahoo.com,Lbullock-accounting,Lbullock18733226,
jak_garner@sales.yahoo.com,Jgarner-sales,Jgarner84943434,
abbas_hines@accounting.yahoo.com,Ahines-accounting,Ahines90206710,
amira_gill@sales.yahoo.com,Agill-sales,Agill24431854,
jaime_watkins@accounting.yahoo.com,Jwatkins-accounting,Jwatkins10567083,
noor_mccall@sales.yahoo.com,Nmccall-sales,Nmccall32929086,
jasper_norris@ops.yahoo.com,Jnorris-ops,Jnorris94897115,
olivier_roach@ops.yahoo.com,Oroach-ops,Oroach61311042,
dhruv_callahan@ops.yahoo.com,Dcallahan-ops,Dcallahan09082783,
anjali_meyer@hr.yahoo.com,Ameyer-hr,Ameyer07826222,
mae_noble@hr.yahoo.com,Mnoble-hr,Mnoble92496813,
brogan_fitzpatrick@hr.yahoo.com,Bfitzpatrick-hr,Bfitzpatrick25918702,
haris_clayton@hr.yahoo.com,Hclayton-hr,Hclayton52110651,
